id,created_by,last_amended_by,project_id,team_id
1,asadan,asadan,1,1
2,asadan,asadan,4,1
3,asadan,asadan,1,2
4,asadan,asadan,4,2
5,asadan,asadan,1,3
6,asadan,asadan,4,3
7,asadan,asadan,1,4
8,asadan,asadan,4,4
9,asadan,asadan,1,5
10,asadan,asadan,4,5
11,asadan,asadan,1,6
12,asadan,asadan,4,6
13,asadan,asadan,1,7
14,asadan,asadan,4,7
15,asadan,asadan,1,8
16,asadan,asadan,4,8
17,asadan,asadan,1,9
18,asadan,asadan,4,9
19,asadan,asadan,1,10
20,asadan,asadan,4,10
21,asadan,asadan,1,11
22,asadan,asadan,4,11
23,asadan,asadan,1,12
24,asadan,asadan,4,12